entry_date,exit_date,direction,entry_zscore,entry_implied_correlation,realized_correlation,correlation_change,index_entry_iv,mean_constituent_entry_iv,index_iv_change,mean_constituent_iv_change,iv_change_spread,legs,gross_vega,index_pnl,constituent_pnl,correlation_pnl,volatility_pnl,residual_pnl,cost,net_pnl,capital,return_on_capital,rebalances,in_sample,attribution_error
2013-04-01,2013-04-30,short_correlation,1.102663144135089,0.35159999999999997,0.36403583930364025,0.012435839303640284,0.1358,0.28672,-0.0006000000000000172,-0.04843999999999998,0.047839999999999966,6,100000.0,-907.6857941264661,1624.4465165881775,-194.64686168215894,1165.4483713095399,-254.0407871656696,884.2481276225939,-167.48740516088253,115632.9739306437,-0.00144843983050493,120,True,0.0
2013-05-01,2013-05-31,short_correlation,1.2353847862003635,0.436,0.2951497077436692,-0.14085029225633078,0.1449,0.24364,0.018100000000000005,0.011800000000000005,0.0063,6,100000.0,2190.843990913364,-4025.5699669487344,207.01475030367646,123.12835312087763,-2164.8690794599247,737.1880672810686,-2571.914043316439,111320.82339754544,-0.023103620372369148,120,True,2.2737367544323206e-13
2013-05-31,2013-07-01,short_correlation,1.9953516236731788,0.4874,0.5272464175035739,0.03984641750357393,0.163,0.25544,0.0007000000000000062,0.043179999999999996,-0.04247999999999999,6,100000.0,80.11308648320318,-4458.246592195077,1187.2537339287423,-623.5140286078133,-4941.873211032803,823.6873316505497,-5201.820837362424,112506.43553483236,-0.04623576253779654,120,True,0.0
2013-07-09,2013-08-07,long_correlation,-0.9074628172630043,0.3667,0.167546429938156,-0.19915357006184403,0.1435,0.29504,-0.01369999999999999,-0.07392000000000004,0.06022000000000005,6,100000.0,-4301.4140616312825,9691.055541428601,4547.46568648366,255.8765142156824,586.2992790979761,800.994549737615,4588.646930059704,101321.85934982053,0.045287827912998437,120,True,0.0
2013-08-19,2013-09-18,short_correlation,1.1399072166712352,0.5018,0.3302486469201786,-0.17155135307982144,0.151,0.23948,-0.015100000000000002,0.008100000000000052,-0.023200000000000054,6,100000.0,4594.341526745696,-3773.4418696925622,1506.7618533803764,50.668625734306026,-736.5308220615489,747.6911236543059,73.20853339882763,110905.54304476042,0.0006600980563188024,120,True,0.0
2013-09-18,2013-10-17,short_correlation,1.268344648596826,0.4334,0.4599492331538698,0.02654923315386981,0.1359,0.24758,-0.0010999999999999899,0.018659999999999982,-0.019759999999999972,6,100000.0,4541.0685535418825,-4595.637396034966,1286.0046297016468,-296.0331530556647,-1044.540319139065,727.982150371649,-782.5509928647322,111711.82891692898,-0.007005086215593622,120,True,1.1368683772161603e-13
2013-10-17,2013-11-15,long_correlation,-1.4270949288760724,0.32439999999999997,0.22138584406956974,-0.10301415593043023,0.1348,0.26624,-0.012900000000000009,-0.06389999999999996,0.05099999999999995,6,100000.0,-2691.8516847766437,-5697.141543046602,3156.2897967913345,-769.990535404937,-10775.292489209643,751.4919189044123,-9140.485146727659,100438.84315197112,-0.0910054801497211,120,True,0.0
2013-11-19,2013-12-19,short_correlation,0.8900696456900024,0.4629,0.2979008992026431,-0.16499910079735686,0.13390000000000002,0.20850000000000005,0.007599999999999996,0.03923999999999997,-0.031639999999999974,6,100000.0,3683.4205358085746,-2211.171220346112,1775.4915596689598,-380.25780806198145,77.01556385548429,681.6145100508157,790.6348054116469,107799.70569178725,0.007334294656352495,120,True,0.0
2013-12-20,2014-01-23,long_correlation,-0.9084803656020081,0.3145,0.318680313406149,0.004180313406148994,0.1379,0.243,-0.00020000000000000573,0.029039999999999955,-0.02923999999999996,6,100000.0,-6361.085319624223,8488.401854893027,-3446.3782707010255,-155.89352988835108,5729.5883358581805,724.5990446576141,1402.7174906111898,100737.76102039704,0.013924445772893168,120,True,0.0
2014-01-29,2014-02-28,short_correlation,0.9001449996037879,0.4592,0.4069785071809301,-0.052221492819069903,0.17350000000000002,0.29416,-0.0335,-0.07733999999999996,0.04383999999999996,6,100000.0,3015.440515826136,-3288.9458113408136,-4305.264165077708,337.3632543871964,3694.395615175834,790.5814620397007,-1064.0867575543782,116391.69513332089,-0.009142291091606835,120,True,0.0
2014-03-14,2014-04-14,short_correlation,1.275047944784096,0.5531,0.4218872025137772,-0.13121279748622283,0.1782,0.2462,-0.017100000000000004,0.08252000000000001,-0.09962000000000001,6,100000.0,2370.2726242984713,-1409.899279205596,6481.706061635372,-161.39996957097122,-5359.932746971526,800.9241816232044,159.4491634696709,111585.727468783,0.0014289386921304795,120,True,4.547473508864641e-13
2014-04-14,2014-05-14,long_correlation,-1.2885763718316874,0.3729,0.20140065801688015,-0.17149934198311986,0.1611,0.32872,-0.03939999999999999,-0.1355,0.09610000000000002,6,100000.0,-5720.533360747371,4343.145073106845,6464.766027270659,148.79018474473145,-7990.944499655916,830.3378602473236,-2207.7261478878495,103108.84103639403,-0.021411608604043904,120,True,0.0
2014-05-15,2014-06-16,short_correlation,1.2221956265250877,0.47619999999999996,0.24064157927917498,-0.23555842072082497,0.1317,0.19932,-0.00520000000000001,0.03836000000000003,-0.04356000000000004,6,100000.0,3392.1360399757186,-1060.0027359327655,2756.860962477325,132.81916139083776,-557.5468198252097,622.4921293608296,1709.6411746821236,106880.6157089508,0.015995802076381082,120,True,0.0
2014-06-18,2014-07-18,long_correlation,-1.5345009327441894,0.2447,0.2751333619453314,0.03043336194533139,0.1061,0.2321,0.014499999999999999,0.0009200000000000041,0.013579999999999995,6,100000.0,-1347.7213575898406,4144.289540379836,-1233.7118955913556,-246.04453766285354,4276.324616044205,683.5583605935342,2113.009822196461,97551.30023234236,0.021660498805898123,120,True,4.547473508864641e-13
2014-07-25,2014-08-25,short_correlation,0.9809067114464677,0.3736,0.4436487225333135,0.07004872253331351,0.12689999999999999,0.2027,-0.009899999999999992,-0.0022800000000000042,-0.007619999999999988,6,100000.0,4644.067135009039,-5569.680034281861,-127.04674800446604,-68.78097928147302,-729.7851719868827,640.911371104621,-1566.524270377443,107217.65773837025,-0.014610692897246784,120,True,1.1368683772161603e-13
2014-09-18,2014-10-17,long_correlation,-1.0066009315149431,0.2809,0.5485359611531707,0.26763596115317073,0.12029999999999999,0.22756,0.0996,0.09135999999999997,0.008240000000000025,6,100000.0,4502.3339551527815,-673.6501285852289,260.2684635483715,-1713.7914261389649,5282.2067891581455,665.8525558553795,3162.831270712173,98968.91850653851,0.03195782391522462,120,True,0.0
2014-11-07,2014-12-09,long_correlation,-1.150109089644753,0.37929999999999997,0.10397033130025116,-0.27532966869974884,0.13119999999999998,0.214,0.01770000000000002,0.030980000000000035,-0.013280000000000014,6,100000.0,-6185.0636206134,4790.294690757685,-656.8578811056308,-148.25038450651695,-589.6606642435675,650.8809743956893,-2045.6499042514047,100054.22943074291,-0.020445411612183714,120,True,0.0
2014-12-10,2015-01-12,short_correlation,1.4040544893931433,0.5284,0.5801867147746087,0.05178671477460872,0.18530000000000002,0.26974,0.010699999999999987,0.07935999999999999,-0.06866,6,100000.0,3479.2763513338205,-2930.599014974629,4106.568961354349,1296.3381516401355,-4854.229776635293,847.6609077264656,-298.98357136727407,113947.02603018317,-0.0026238821826563247,120,True,4.547473508864641e-13
2015-01-15,2015-02-17,short_correlation,1.0975903806998637,0.522,0.3946001552842901,-0.12739984471570992,0.22390000000000002,0.36398,-0.06590000000000001,-0.13646000000000003,0.07056000000000001,6,100000.0,4814.8872454338,-2330.8478602793725,-5623.310059474408,1353.4509857941239,6753.898458834712,958.9159263233925,1525.123458831035,123408.71956674068,0.012358311991125009,120,True,4.547473508864641e-13
2015-02-24,2015-03-25,long_correlation,-1.2583329736771738,0.3652,0.457410419099486,0.09221041909948596,0.1369,0.21984,0.017499999999999988,0.038079999999999975,-0.020579999999999987,6,100000.0,-2233.709917479507,2018.0445122235833,-1317.5865761994132,388.2588049380008,713.6623660054886,698.9474189713521,-914.612824227276,100626.52164462341,-0.009089182546300851,120,True,0.0
2015-03-25,2015-04-24,long_correlation,-1.1353481485859065,0.3614,0.3145483182421089,-0.04685168175789112,0.15439999999999998,0.25792,-0.031499999999999986,-0.025120000000000003,-0.006379999999999983,6,100000.0,-5476.568972748275,4863.439233628435,-4618.166179367663,-32.876306194686066,4037.912746442509,713.3136561598102,-1326.4433952796498,102393.91459567599,-0.012954318628381305,120,True,1.1368683772161603e-13
2015-04-24,2015-05-26,long_correlation,-1.4866908931565375,0.2658,0.3573216663042222,0.0915216663042222,0.1229,0.2328,0.017700000000000007,-0.025520000000000015,0.04322000000000002,6,100000.0,-3488.724936354084,6555.317811420781,3622.1628792966553,54.944770243702294,-610.5147744736605,653.6715220450869,2412.9213530216102,99234.10759747686,0.024315443665892972,120,True,0.0
2015-05-26,2015-06-24,short_correlation,0.8857848441539576,0.4819,0.48104020874706305,-0.0008597912529369478,0.1406,0.20728,-0.008000000000000007,0.005679999999999991,-0.013679999999999998,6,100000.0,7971.620792555459,-6795.92541909435,523.8186137176549,-33.03856135390096,684.915321097355,670.1249114019515,505.5704620591573,107678.5702382804,0.004695181789100538,120,True,0.0
2015-06-29,2015-07-29,short_correlation,1.3565565731507738,0.5266,0.3762567777122134,-0.15034322228778657,0.1885,0.26172,-0.0635,-0.04474,-0.01876,6,100000.0,5456.979033443091,-3256.6008651683615,4647.846652189495,281.37650678963973,-2728.844990704406,775.8654184160149,1424.5127498587144,113143.56566441635,0.012590311623056119,120,True,0.0
2015-07-29,2015-08-27,long_correlation,-1.6558796717627475,0.2918,0.7141866796779204,0.4223866796779204,0.125,0.21698,0.136,0.12609999999999993,0.009900000000000075,6,100000.0,3114.919151020729,-6245.833431065083,-1117.2145609300126,119.3356214880965,-2133.035340602438,618.3181990934281,-3749.232479137782,99434.89086360988,-0.037705401459940516,120,True,0.0
2015-09-08,2015-10-07,long_correlation,-0.9663018272247903,0.5669,0.5289397591709871,-0.03796024082901284,0.249,0.35684,-0.065,-0.005699999999999983,-0.05930000000000002,6,100000.0,-9867.05042652726,13835.64031352239,-1542.3789773432586,198.89678771955167,5312.072076618838,924.3687886593594,3044.2210983357713,111918.4444406121,0.027200352127402405,120,True,0.0
2015-10-07,2015-11-05,long_correlation,-3.1642652357317553,0.3207,0.2621416539458956,-0.05855834605410437,0.184,0.35114,-0.0335,-0.11599999999999996,0.08249999999999996,6,100000.0,-4380.964524265034,5010.216259550395,4288.9439977702605,220.00413931128068,-3879.69640179618,805.0577429990095,-175.80600771364846,105410.80654061984,-0.0016678176885583545,120,True,0.0
2015-11-05,2015-12-07,long_correlation,-1.764665765511408,0.355,0.4679401838320677,0.11294018383206772,0.1505,0.23514,0.00789999999999999,0.01016000000000003,-0.0022600000000000398,6,100000.0,-2294.993478916767,3756.878729312442,-5.089826648271696,610.626993960342,856.3480830836047,713.1586058071977,748.7266445884774,101993.2098845106,0.007340945984897219,120,True,0.0
2015-12-07,2016-01-07,short_correlation,0.8048758029680763,0.4575,0.642528777318238,0.18502877731823797,0.15839999999999999,0.2453,0.0915,0.13597999999999996,-0.044479999999999964,6,100000.0,-437.8441948520821,1465.9571805120456,2282.677411525778,-376.3667996857704,-878.1976261800442,705.1907418200933,322.92224383987013,111489.97113385837,0.002896424140716294,120,True,2.2737367544323206e-13
2016-01-08,2016-02-09,short_correlation,0.7872845002357188,0.5264,0.4449531400421618,-0.08144685995783818,0.2701,0.3785,-0.0047000000000000375,0.011840000000000017,-0.016540000000000055,6,100000.0,4415.580804166989,4091.5427361453994,1349.4058998544674,-19.59830394657174,7177.315944404492,1012.5349570091876,7494.588583303201,124882.17645978583,0.0600132764799834,120,True,0.0
2016-02-09,2016-03-10,short_correlation,0.840672986184349,0.5613,0.39939622516720025,-0.16190377483279977,0.26539999999999997,0.39034,-0.08489999999999998,-0.10392000000000001,0.019020000000000037,6,100000.0,5954.235214383637,-10296.758876684622,-2878.36943769988,161.05087634664048,-1625.2051009477454,949.7794102173236,-5292.303072518309,126069.6157961756,-0.041979211557800704,120,True,0.0
2016-03-29,2016-04-27,long_correlation,-1.104630946379607,0.2547,0.279676474921909,0.02497647492190902,0.1382,0.2751,-0.0005000000000000004,-0.013419999999999987,0.012919999999999987,6,100000.0,-4647.685233352228,3983.874808444857,-1713.739491964963,189.81540423366775,860.113662823924,714.2890698728054,-1378.0994947801767,100782.1029797782,-0.013674049796883983,120,True,0.0
2016-04-28,2016-05-27,short_correlation,1.1246311702150205,0.4104,0.3942852391661171,-0.016114760833882913,0.1522,0.27334,-0.02100000000000002,-0.06446000000000002,0.04346,6,100000.0,6122.62166841179,-1947.6304859838385,-3240.019533681626,101.26105464572066,7313.749661463857,747.7711732726549,3427.220009155297,114299.2315252866,0.029984628622783765,120,True,0.0
2016-05-27,2016-06-28,short_correlation,1.0818090809915288,0.39189999999999997,0.5650819343703751,0.17318193437037516,0.13119999999999998,0.20888,0.05630000000000002,0.07827999999999996,-0.021979999999999944,6,100000.0,-7574.413100651517,1931.0616675442952,-803.1167248085687,-1504.6403199826152,-3335.594388316038,623.3561039867004,-6266.707537093922,107836.47409781163,-0.05811306044195945,120,True,0.0
2016-07-08,2016-08-08,long_correlation,-0.9790304028736735,0.2325,0.14609042174078146,-0.08640957825921855,0.132,0.27474,-0.017,-0.08275999999999997,0.06575999999999997,6,100000.0,-5579.136005663674,6649.191646867525,4192.469720000958,-1020.3680702783552,-2102.0460085187515,647.8291046459569,422.2265365578944,100161.9047897278,0.004215440365718726,120,True,0.0
2016-08-24,2016-09-23,short_correlation,0.8049764643276228,0.4778,0.5437786333785871,0.06597863337858711,0.13449999999999998,0.1976,-0.011599999999999985,0.01918000000000003,-0.030780000000000016,6,100000.0,2078.478102595257,-1879.887362543324,478.377990694844,-822.8346711211018,543.0474204781909,636.2232377734588,-437.6324977215256,106708.18438848591,-0.004101208358379184,120,True,0.0
2016-10-28,2016-11-29,short_correlation,1.2496710432733225,0.4978,0.1958643397919174,-0.3019356602080826,0.16190000000000002,0.2141,-0.03290000000000001,0.0063,-0.03920000000000001,6,100000.0,4934.4682209428975,2616.941918891915,3154.5410060109116,699.50646818847,3697.3626656354304,624.3624607756316,6927.04767905918,108366.9596979284,0.06392213732274342,120,True,0.0
2017-02-06,2017-03-08,short_correlation,0.9473926701740661,0.2668,0.21079276294792137,-0.05600723705207861,0.1137,0.18902,0.004900000000000002,-0.002679999999999988,0.0075799999999999895,6,100000.0,1794.769568925123,-4836.481011426008,-931.2458351940087,66.99271796016741,-2177.4583252670436,498.2206978531474,-3539.9321403540325,105844.94771741983,-0.033444507429913305,120,True,0.0
2017-03-08,2017-04-06,short_correlation,1.2570877592135816,0.3472,0.20526442681835594,-0.14193557318164407,0.1186,0.18634,0.005300000000000013,0.03694,-0.03163999999999999,6,100000.0,7458.532860184016,-3448.1501513051053,838.2390207994397,-648.939535976112,3821.083224055583,541.1026159765107,3469.2800929023997,105577.76998690379,0.03285994857944755,120,True,0.0
2017-04-10,2017-05-10,short_correlation,0.9798167359673855,0.31739999999999996,0.1955674740889661,-0.12183252591103386,0.1405,0.2308,-0.038400000000000004,-0.05452000000000001,0.01612000000000001,6,100000.0,7325.085931614996,-4517.752483885856,-1409.979547411669,921.2743354516202,3296.038659689189,590.0445634531073,2217.2888842760326,110033.19747831248,0.020151090171791654,120,True,0.0
2017-05-17,2017-06-16,short_correlation,1.106277831626705,0.4157,0.07213101346891995,-0.34356898653108003,0.1559,0.21094,-0.05210000000000001,-0.008200000000000013,-0.043899999999999995,6,100000.0,6531.428605763003,-3188.0566997580036,2906.070960571706,-99.49543078161857,536.7963762149125,591.1381718586471,2752.2337341463526,108049.39582202965,0.025471995592456737,120,True,0.0
2017-06-28,2017-07-28,long_correlation,-0.9470183851397397,0.12890000000000001,0.15699208133876605,0.028092081338766034,0.1003,0.22836,0.002599999999999991,-0.022460000000000035,0.025060000000000027,6,100000.0,-4048.0159025455414,6777.98200341625,-359.53353257202457,-78.40647131118877,3167.906104753922,566.5867665043382,2163.3793343663706,96968.23102541798,0.022310186661023967,120,True,0.0
2017-08-10,2017-09-11,short_correlation,1.4279818783460845,0.35590000000000005,0.3739143469683491,0.018014346968349026,0.1604,0.22944,-0.05309999999999998,-0.03397999999999998,-0.019119999999999998,6,100000.0,7485.832361050685,-6936.335386844522,2438.3147899776613,201.62134775229356,-2090.439163523792,657.2409694670589,-107.74399526089587,109902.5166009675,-0.0009803596732192335,120,True,4.547473508864641e-13
2017-09-11,2017-10-10,long_correlation,-1.348688302463222,0.1653,0.0514734721323974,-0.11382652786760261,0.1073,0.19546,-0.006500000000000006,0.056060000000000026,-0.06256000000000003,6,100000.0,-4874.1653429915295,5154.217170988287,-3727.3362588870173,31.846258744766068,3975.5418281390084,513.7924393906005,-233.7406113938432,97657.27693517882,-0.002393478691290884,120,True,0.0
2017-10-10,2017-11-08,long_correlation,-1.5028099629182128,0.08310000000000001,0.05074616529839276,-0.03235383470160725,0.1008,0.25152,-0.0030000000000000027,-0.04720000000000002,0.04420000000000002,6,100000.0,-4683.534141646874,-7415.8352690391175,1598.9484149562143,-294.6723763910302,-13403.645449251175,594.1962441312314,-12693.565654817223,97028.68279292785,-0.1308228174333458,120,True,0.0
2017-11-14,2017-12-14,short_correlation,0.965828381101389,0.2097,0.15741024609488694,-0.05228975390511306,0.1159,0.20734,-0.010999999999999996,-0.014399999999999996,0.0034000000000000002,6,100000.0,3202.7334145286795,-6104.94378637121,1297.065949382351,-691.5974931422176,-3507.678828082664,560.120274334448,-3462.3306461769785,107678.8594572251,-0.03215422844957205,120,True,0.0
2018-02-05,2018-03-07,short_correlation,4.660773758800973,0.8294,0.5634918086961455,-0.26590819130385457,0.3732,0.319,-0.19559999999999997,-0.060260000000000036,-0.13533999999999993,6,100000.0,18837.030600732407,-1729.118797623269,11411.47259970624,829.1551894985382,4867.28401390436,983.120461378143,16124.791341730996,118978.16491951438,0.1355273158956435,120,True,0.0
2018-03-07,2018-04-06,long_correlation,-2.0591662149141925,0.32170000000000004,0.6086292023814349,0.2869292023814349,0.1776,0.25874,0.03729999999999997,0.09019999999999995,-0.052899999999999975,6,100000.0,3016.918133710092,-5854.444114918659,-2468.084238206087,416.0993131070664,-785.5410561095459,688.6112252319296,-3526.137206440496,104714.79215161994,-0.03367372587948117,120,True,0.0
2018-04-06,2018-05-07,long_correlation,-2.43880791508389,0.2968,0.31542922450531646,0.018629224505316455,0.21489999999999998,0.34894,-0.06739999999999999,-0.12951999999999997,0.06211999999999998,6,100000.0,-8302.85521657806,4869.326792831415,2876.7023629167616,-745.8311745677659,-5564.39961209564,834.2783691205284,-4267.8067928671735,108498.77968038247,-0.039335067227846715,120,True,9.094947017729282e-13
2018-05-07,2018-06-06,long_correlation,-0.9526084340588025,0.3115,0.35128723711770193,0.039787237117701935,0.1475,0.21942,-0.03109999999999999,-0.010179999999999995,-0.020919999999999994,6,100000.0,-2651.1028138379033,7217.3400388969185,268.24733740885904,-621.6359737719856,4919.6258614221415,609.5704254656428,3956.666799593372,101686.17315325979,0.03891056843716546,120,True,0.0
2018-06-06,2018-07-06,long_correlation,-1.6770835171108558,0.1848,0.22139919173156503,0.036599191731565034,0.1164,0.20924,0.017299999999999982,0.05378000000000002,-0.03648000000000004,6,100000.0,-3624.2285550596944,5573.066111649763,-592.7304845695885,657.7514762503206,1883.8165649093366,527.4154306689436,1421.4221259211251,98571.0358488406,0.014420281918320167,120,True,0.0
2018-08-10,2018-09-11,short_correlation,0.8301582660404567,0.23070000000000002,0.13377532797089609,-0.09692467202910393,0.1316,0.1926,0.0006000000000000172,0.06272,-0.06211999999999998,6,100000.0,5661.9856534657165,-3912.9034262388964,1763.2894818648906,-18.39228847698292,4.185033838912432,528.7627329974886,1220.3194942293317,106207.07551847163,0.011490001850367235,120,True,0.0
2018-09-11,2018-10-10,short_correlation,0.7811497962667168,0.168,0.3457215467062255,0.1777215467062255,0.1322,0.25532,0.09739999999999999,0.12324000000000002,-0.02584000000000003,6,100000.0,-210.3635651935283,-1560.5073838035228,2051.5165945346007,-693.6627526095738,-3128.7247909220782,619.8654408554437,-2390.7363898524945,112486.125393697,-0.021253611336376033,120,True,4.547473508864641e-13
2018-10-10,2018-11-08,short_correlation,1.2219544281048103,0.2908,0.40354215375666697,0.11274215375666696,0.2296,0.37856,-0.06240000000000001,-0.10108,0.03867999999999999,6,100000.0,3935.736503087009,5216.682339572604,-1699.7310507799775,-533.9785146071472,11386.128408046738,922.492614016968,8229.926228642646,124870.62402216095,0.06590762473631966,120,True,1.8189894035458565e-12
2018-11-12,2018-12-13,short_correlation,0.7822037632394401,0.38130000000000003,0.4555867936823064,0.0742867936823064,0.2045,0.36162,0.0020000000000000018,-0.02589999999999998,0.02789999999999998,6,100000.0,-4063.3184646663767,-3403.0266429644817,-1837.236409668593,-663.7257349654217,-4965.382962996844,861.3475402664563,-8327.692647897315,123160.22110801979,-0.06761673999101844,120,True,9.094947017729282e-13
2018-12-18,2019-01-18,short_correlation,0.8983325326464303,0.4535,0.6749637016350987,0.22146370163509865,0.25579999999999997,0.384,-0.07779999999999995,-0.06698000000000004,-0.010819999999999913,6,100000.0,5752.8141521104535,-1576.337680258901,2870.5902958870793,159.37335574539009,1146.512820219083,906.1058947956863,3270.3705770558663,125427.54706127624,0.02607378246389657,120,True,0.0
2019-01-18,2019-02-20,long_correlation,-1.2576523385589384,0.272,0.23967353516588352,-0.0323264648341165,0.17800000000000002,0.31702,-0.03780000000000003,-0.08600000000000002,0.04819999999999999,6,100000.0,-5356.779785180936,3300.9115448175316,4650.310675169791,-1219.6423264804585,-5486.536589052737,728.9449009382083,-2784.813141301613,104786.48132178742,-0.026576072659122575,120,True,4.547473508864641e-13
2019-02-22,2019-03-25,long_correlation,-1.0936136929509828,0.2839,0.3339633895909831,0.05006338959098311,0.1351,0.2238,0.028199999999999975,0.060460000000000014,-0.03226000000000004,6,100000.0,-5677.120719037335,4166.194616222732,-451.11140846057316,297.6608396599267,-1357.4755340139563,599.5265918774084,-2110.4526946920114,100447.6245434229,-0.021010478886732412,120,True,0.0
2019-04-30,2019-05-30,short_correlation,0.9696970862072077,0.2332,0.41535645668892957,0.18215645668892957,0.13119999999999998,0.21834,0.04180000000000003,0.05792,-0.016119999999999968,6,100000.0,-1320.286310946097,4368.384571923675,390.66233584139366,-230.86588061649917,2888.301805752684,550.2036943746875,2497.894566602891,108784.16545299644,0.022961931602832244,120,True,0.0
2019-05-30,2019-06-28,short_correlation,1.88275143527928,0.4515,0.29636698947292994,-0.15513301052707007,0.17300000000000001,0.27626,-0.022200000000000025,0.015660000000000007,-0.03786000000000003,6,100000.0,2631.9818015392543,-2111.8128998585585,1088.3470671010666,508.04102968286276,-1076.2191951032335,656.9747926098305,-136.80589092913465,114594.48301197379,-0.0011938261540465262,120,True,0.0
2019-08-01,2019-08-30,short_correlation,1.4597098491064475,0.424,0.6508034024030485,0.22680340240304847,0.1787,0.26372,0.011099999999999999,0.0015999999999999903,0.009500000000000008,6,100000.0,-2114.0053025893585,492.7566957749392,489.43018818359053,-636.8478552578885,-1473.8309397401215,680.3151179188364,-2301.563724733256,113340.32921771797,-0.020306661720667238,120,True,2.2737367544323206e-13
2019-09-09,2019-10-08,long_correlation,-0.940559149223097,0.2875,0.3960622000711054,0.1085622000711054,0.1527,0.25338,0.050100000000000006,0.06820000000000004,-0.018100000000000033,6,100000.0,-3409.5632771635437,5497.224921564315,-1032.5510390307543,773.3432744141035,2346.869409017422,635.4338497326899,1452.2277946680815,102221.10474656297,0.01420673155772082,120,True,0.0
2019-10-11,2019-11-11,long_correlation,-1.4720504385476514,0.26039999999999996,0.10467845443694197,-0.155721545563058,0.1558,0.28956000000000004,-0.02890000000000001,-0.09948000000000001,0.07058,6,100000.0,-5810.259145814165,9322.055908471777,3923.8704393024136,-253.62741198655704,-158.44626465824467,617.7683198883316,2894.0284427692804,102548.8728475853,0.02822096784106609,120,True,0.0
2019-11-21,2019-12-23,short_correlation,0.8589416164736651,0.2934,0.2533141063677656,-0.040085893632234415,0.1313,0.2128,-0.00520000000000001,-0.014119999999999994,0.008919999999999983,6,100000.0,3412.7400181510375,-5829.283658138912,-1172.8517073697315,78.94522451452082,-1322.6371571326638,560.3819823666371,-2976.9256223545117,108228.95506423604,-0.02750581506203813,120,True,0.0
2019-12-30,2020-01-30,short_correlation,0.9490885611021673,0.2796,0.2788445063463946,-0.000755493653605388,0.1482,0.24388,0.0067000000000000115,0.007439999999999974,-0.0007399999999999629,6,100000.0,3579.3632538858824,-3520.285168832401,2577.7521781040755,142.93618390573772,-2661.6102769563317,596.5116975442731,-537.4336124907916,111344.62804148706,-0.0048267583442871045,120,True,0.0
2020-01-30,2020-03-02,short_correlation,1.417123466998828,0.3326,0.666751913739057,0.33415191373905695,0.1549,0.25132,0.1793,0.13806000000000007,0.041239999999999916,6,100000.0,-12245.392648401166,11560.051788339133,-1074.5341903177698,-1303.8097106563184,1693.003040912055,654.5007411053188,-1339.841601167352,112091.50334732776,-0.011953105821194196,120,True,1.1368683772161603e-13
2020-03-03,2020-04-01,short_correlation,1.2237630700684843,0.6818000000000001,0.7894037930216916,0.10760379302169154,0.3682,0.45144,0.20239999999999997,0.18940000000000007,0.0129999999999999,6,100000.0,-43754.260365512826,37756.669734332485,-646.5272524246748,-2346.1961255515516,-3004.8672532041146,1059.9266691470177,-7057.5173003273585,132258.20779636758,-0.053361658364473846,120,True,0.0
2020-04-03,2020-05-05,long_correlation,-0.9480454862994374,0.645,0.5957942130495706,-0.04920578695042943,0.46799999999999997,0.584,-0.13189999999999996,-0.2114999999999999,0.07959999999999995,6,100000.0,-1242.3152381353163,5001.88002031655,4043.1624604912536,-654.3692108277404,370.7715325177205,1236.040198540153,2523.5245836410804,134083.33386149348,0.01882056860435654,120,True,0.0
2020-05-08,2020-06-09,long_correlation,-1.6489605112457473,0.5476,0.3584472430752638,-0.18915275692473615,0.2798,0.3288,-0.0040999999999999925,0.009340000000000015,-0.013440000000000007,6,100000.0,-6570.502402543495,3957.5605743735973,-353.5036269492045,114.96695577909644,-2374.4051569997896,825.4109013798459,-3438.3527295497433,114986.79735184791,-0.029902152323007428,120,True,4.547473508864641e-13
2020-06-11,2020-07-13,short_correlation,1.875695826311958,0.7501000000000001,0.44025741865722334,-0.30984258134277676,0.4079,0.44606,-0.08600000000000002,0.04159999999999997,-0.1276,6,100000.0,18915.40727314182,-10713.700119072642,4600.190452172823,292.47002894374964,3309.046672952605,1090.3256936580447,7111.381460411133,131749.96039143496,0.053976346097432626,120,True,0.0
2020-07-13,2020-08-11,long_correlation,-0.9093431320431905,0.3544,0.13454116229726232,-0.21985883770273768,0.32189999999999996,0.48766,-0.08159999999999995,-0.13948,0.05788000000000004,6,100000.0,-15774.402989580698,21310.498109103784,5052.309842279018,-148.31841439543467,632.1036916395033,1012.1091475448394,4523.985971978247,119323.74782617576,0.03791354239533726,120,True,0.0
2020-08-21,2020-09-22,long_correlation,-0.9825712179331717,0.24,0.45196290942063155,0.21196290942063156,0.2254,0.3462,0.043200000000000016,0.06753999999999993,-0.024339999999999917,6,100000.0,-2848.30509695584,379.4490073293369,-2013.3538888377366,-1124.078367411225,668.5761666224585,822.242993699484,-3291.099083325987,109552.56604125461,-0.03004127792028756,120,True,0.0
2020-09-22,2020-10-21,short_correlation,0.948906770736561,0.3353,0.4530879431144392,0.11778794311443919,0.2686,0.41374,0.01789999999999997,0.010759999999999992,0.00713999999999998,6,100000.0,6668.9576423174285,-6991.533692871125,1100.924147143106,234.20095523207857,-1657.701152928881,910.0049356500169,-1232.5809862037133,128420.05403977007,-0.009598041329448425,120,True,0.0
2020-10-21,2020-11-19,short_correlation,0.7931897635335666,0.387,0.339664067250568,-0.047335932749431986,0.2865,0.4245,-0.05539999999999998,-0.11685999999999996,0.06145999999999999,6,100000.0,8048.8146656904155,-8910.246944070293,-5520.686281540689,495.0392878322258,4164.214715328586,944.7912449602629,-1806.223523340141,129509.7008887152,-0.013946627248349438,120,True,0.0
2020-12-14,2021-01-14,short_correlation,1.0703648549581593,0.386,0.14724760313717514,-0.23875239686282487,0.24719999999999998,0.33286,-0.014699999999999963,0.06314000000000003,-0.07783999999999999,6,100000.0,9954.248771726989,-8100.35826285536,4718.131173999723,640.4112620414386,-3504.6519271695333,772.103569335059,1081.7869395365692,120294.44691587382,0.008992825248975135,120,True,0.0
2021-01-27,2021-02-26,short_correlation,1.5832575579966115,0.3222,0.2882539281628618,-0.03394607183713816,0.3721,0.43902,-0.09260000000000002,-0.08542,-0.00718000000000002,6,100000.0,22283.052403936523,-14402.897333722374,3294.515292193686,1297.696659456359,3287.9431185641033,979.391130150182,6900.763940063966,131016.24695782115,0.05267105492867286,120,False,0.0
2021-02-26,2021-03-29,short_correlation,1.7229653804321619,0.36340000000000006,0.27513135216649276,-0.0882686478335073,0.27949999999999997,0.3536,-0.0721,-0.03272000000000003,-0.03937999999999997,6,100000.0,10928.583236145261,-13376.270803630048,3331.920108031938,759.1889551491422,-6538.796630665867,857.8861552618343,-3305.5737227466216,122389.82764210901,-0.02700856587863449,120,False,0.0
2021-04-16,2021-05-17,long_correlation,-0.9392834798067056,0.16570000000000001,0.30546165764010247,0.13976165764010245,0.1625,0.30614,0.03469999999999998,-0.019979999999999998,0.05467999999999998,6,100000.0,-4864.099078925197,6213.640377874339,5378.749538590871,1319.0093050480077,-5348.217544689737,682.465785150224,667.0755137989175,103228.74154058359,0.006462110298386829,120,False,9.094947017729282e-13
2021-05-17,2021-06-16,short_correlation,0.8327051208643654,0.3236,0.18397484120513827,-0.13962515879486173,0.1972,0.28616,-0.015699999999999992,-0.03316000000000002,0.01746000000000003,6,100000.0,12368.366629796488,-13491.569664161849,-1274.3097617299004,252.43341306553842,-101.3266857009985,657.2316502568093,-1780.4346846221697,115594.0618587552,-0.01540247531744052,120,False,0.0
2021-06-16,2021-07-16,short_correlation,0.7597673569397759,0.3041,0.2653334821166138,-0.0387665178833862,0.1815,0.253,0.0030000000000000027,0.052100000000000035,-0.04910000000000003,6,100000.0,6217.462839279679,-1460.7157061743014,4519.973552881893,588.1956863408975,-351.4221061174121,607.343313346429,4149.40381975895,112267.72893642122,0.03695989808530655,120,False,0.0
2021-07-19,2021-08-17,short_correlation,0.9170734360402458,0.3179,0.1580547359777956,-0.15984526402220442,0.225,0.34084000000000003,-0.045899999999999996,-0.0771,0.031200000000000006,6,100000.0,8668.987940940378,-10014.220288261682,-3337.099764423362,91.62086409075944,1900.246553011299,709.0898005081497,-2054.3221478294536,121083.91455417275,-0.01696610285018786,120,False,2.2737367544323206e-13
2021-08-17,2021-09-16,short_correlation,0.8195549650327225,0.2625,0.21933332251194929,-0.043166677488050725,0.1791,0.26374,0.007800000000000001,-0.007579999999999976,0.015379999999999977,6,100000.0,12936.376159606332,-9391.335262319055,-1268.189019883359,-56.71009803040022,4869.940015201037,619.081334594271,2925.9595626930063,113342.86507809727,0.025815119113822612,120,False,0.0
2021-09-16,2021-10-15,short_correlation,1.9626832678008952,0.3418,0.4412321634384398,0.0994321634384398,0.1869,0.25616,-0.023900000000000005,0.015180000000000027,-0.03908000000000003,6,100000.0,6434.658297761265,-1606.6846184445417,3803.4958292594583,-171.0884761134242,1195.566326170689,609.3363774043576,4218.637301912366,112586.21776895109,0.037470281758375024,120,False,0.0
2021-10-15,2021-11-15,long_correlation,-1.110167801802619,0.2223,0.06592945088649652,-0.15637054911350348,0.163,0.27134,0.001899999999999985,-0.009139999999999981,0.011039999999999967,6,100000.0,-4358.342119699859,2434.9841013324503,440.2268741088328,-229.4602228959861,-2134.124669580255,610.3091112414171,-2533.6671296088257,103259.99556951982,-0.024536773564967217,120,False,0.0
2021-11-26,2021-12-28,short_correlation,0.9705716917869903,0.3246,0.34968542446016626,0.02508542446016626,0.2862,0.32776,-0.11080000000000001,-0.04244000000000003,-0.06835999999999998,6,100000.0,10188.471544773463,-8948.46122648956,4417.424349867647,936.7029809287405,-4114.1170125124845,849.2503630559496,390.75995522795336,119801.96655720889,0.0032617157001454916,120,False,0.0
2021-12-28,2022-01-27,long_correlation,-1.0984124850623747,0.1724,0.12035963818558855,-0.05204036181441145,0.1754,0.28532,0.1295,0.13397999999999993,-0.0044799999999999285,6,100000.0,-550.2650486372956,-663.7524717481787,-1377.7469660636705,197.4456570212959,-33.71621134309953,619.0373338451822,-1833.0548542306565,104508.47776073264,-0.017539771830064842,120,False,0.0
2022-01-27,2022-02-28,short_correlation,2.163256458470137,0.414,0.3482001107572375,-0.06579988924276248,0.3049,0.4193,-0.003400000000000014,-0.06372000000000005,0.06032000000000004,6,100000.0,8688.345847840905,-928.9398314800134,-4783.025270751011,-197.0233082649925,12739.454595376894,1009.0499261637981,6750.356090197093,128994.70030463475,0.05233049167334322,120,False,9.094947017729282e-13
2022-02-28,2022-03-29,short_correlation,2.2576774853407815,0.4867,0.36840890183459163,-0.11829109816540839,0.3015,0.35558,-0.11250000000000002,-0.059640000000000026,-0.05285999999999999,6,100000.0,9591.231586640639,-8488.695912633984,3030.0308410809052,356.49415259879373,-2283.9893196730445,882.8783304924345,219.65734351421997,122598.63753504562,0.0017916785041875321,120,False,0.0
2022-04-01,2022-05-03,long_correlation,-1.1449888939510975,0.23329999999999998,0.4435292648590173,0.2102292648590173,0.1963,0.3145,0.09619999999999998,0.06551999999999997,0.030680000000000013,6,100000.0,2034.3512875281463,-4245.471954708453,-822.2617242052119,836.9600626322757,-2225.819005607371,692.5249869676495,-2903.6456541479565,106615.68561556409,-0.027234694757936006,120,False,0.0
2022-06-27,2022-07-27,long_correlation,-1.3592655663625968,0.418,0.34100611723001245,-0.07699388276998753,0.2695,0.41136,-0.03710000000000002,-0.07214000000000004,0.035040000000000016,6,100000.0,-5696.285168797446,3566.0978983195228,-844.8901297825375,-68.03731812421631,-1217.2598225711695,902.1753078528709,-3032.3625783307943,114011.28136706371,-0.026597039713710316,120,False,0.0
2022-07-27,2022-08-25,long_correlation,-1.1970853136748472,0.3971,0.37169511778145153,-0.025404882218548475,0.2324,0.33922,-0.014599999999999974,-0.048339999999999994,0.03374000000000002,6,100000.0,-4916.785252254158,4256.52560555071,3096.0207984390627,-252.03802289068517,-3504.2424222518257,733.5571658280871,-1393.8168125315353,110249.3789236059,-0.012642400584381888,120,False,0.0
2022-10-05,2022-11-03,long_correlation,-0.9600601560742229,0.44420000000000004,0.5208320958517897,0.07663209585178965,0.28550000000000003,0.43984,-0.03250000000000003,-0.07879999999999998,0.04629999999999995,6,100000.0,-3923.5292162340597,53.00730431843016,3660.714474265141,-838.6345570034794,-6692.601829177291,976.3551848549073,-4846.877096770537,115634.05029501076,-0.04191565619646607,120,False,4.547473508864641e-13
2022-11-04,2022-12-06,long_correlation,-0.9677144020551449,0.49570000000000003,0.5335825215214549,0.03788252152145488,0.2455,0.34828,-0.023799999999999988,-0.015519999999999923,-0.008280000000000065,6,100000.0,3303.8064980997574,-3514.364923391749,162.70929483731754,-271.97511141841767,-101.29260871089149,786.6737810975617,-997.2322063895533,111565.38151948582,-0.00893854520826766,120,False,0.0
2022-12-06,2023-01-06,long_correlation,-1.2386498219730622,0.436,0.5318790870933432,0.0958790870933432,0.2217,0.33276,-0.01040000000000002,0.06592000000000003,-0.07632000000000005,6,100000.0,-4804.518589398777,3776.0151072105714,-3408.610026983289,557.7170114847196,1822.3895333103637,747.3542569298418,-1775.8577391180477,109173.11275246766,-0.01626643863443298,120,False,0.0
2023-01-06,2023-02-07,long_correlation,-1.733907082350587,0.3247,0.2614269410157734,-0.06327305898422658,0.2113,0.39868,-0.0247,-0.10025999999999996,0.07555999999999996,6,100000.0,-3617.137980827703,5547.389648238291,2632.1164925659114,-375.3452405492102,-326.5195846061133,786.9282566113968,1143.323410799191,108177.81484807705,0.010568926839619136,120,False,0.0
2023-02-07,2023-03-09,long_correlation,-0.9468144284731131,0.2991,0.3728829449674335,0.07378294496743354,0.1866,0.29842,0.03950000000000001,0.02589999999999998,0.013600000000000029,6,100000.0,-2321.0071752542303,1439.4838545454008,611.6023756325624,-7.543670284212013,-1485.58202605718,640.0749394317129,-1521.5982601405424,105640.41962006413,-0.014403561303646577,120,False,1.1368683772161603e-13
2023-03-09,2023-04-10,short_correlation,1.405353753106521,0.45189999999999997,0.2933690866261911,-0.15853091337380887,0.2261,0.32432,-0.036400000000000016,0.04278000000000004,-0.07918000000000006,6,100000.0,6140.18598447503,-3084.8344527774448,4283.86765603228,571.9964769747121,-1800.5126013094073,728.3204850137852,2327.0310466838,119431.29355805268,0.019484265617140673,120,False,4.547473508864641e-13
2023-05-04,2023-06-05,short_correlation,1.0489490129315375,0.3638,0.2441055457834777,-0.1196944542165223,0.2009,0.31052,-0.05359999999999998,-0.06278000000000003,0.00918000000000005,6,100000.0,5631.359481858299,-5878.995061070003,-1703.6359658369613,63.3385455937188,1392.6618410315377,703.8254488450387,-951.4610280567434,118037.31336065402,-0.008060680143995032,120,False,0.0
2023-07-12,2023-08-10,long_correlation,-1.0487924886216393,0.10679999999999999,0.13330108794631945,0.02650108794631946,0.1354,0.29596,0.02310000000000001,-0.041000000000000036,0.06410000000000005,6,100000.0,-6474.617170575662,-110.06651748238488,4538.579424446779,-667.9526341520735,-10455.310478352752,625.0256528076501,-7209.709340865697,100514.67148878124,-0.07172793020241225,120,False,9.094947017729282e-13
2023-08-10,2023-09-11,short_correlation,1.1904963202494585,0.2169,0.28936647594667164,0.07246647594667163,0.1585,0.25496,-0.02049999999999999,-0.028780000000000028,0.008280000000000037,6,100000.0,8407.353278747989,-5365.802711471671,-738.2556012257152,-26.869935546097516,3806.676104048131,620.3911209890209,2421.159446287297,112457.87970732152,0.021529477992902873,120,False,0.0
2023-09-12,2023-10-11,short_correlation,1.0635257478599538,0.228,0.26499408197671265,0.03699408197671264,0.1423,0.2233,0.018599999999999978,0.08761999999999998,-0.06902,6,100000.0,75.18781981434257,319.06685117565337,4062.5625315704174,147.94620983957702,-3816.2540704199982,541.1101983678767,-146.85552737788078,109283.12699753072,-0.001343807881533249,120,False,2.2737367544323206e-13
2023-10-19,2023-11-17,short_correlation,1.3156115531441153,0.2942,0.2772538754143196,-0.0169461245856804,0.214,0.34178,-0.07599999999999998,-0.12375999999999995,0.04775999999999997,6,100000.0,5450.761738540305,-3974.964874947576,-4223.1557756549855,1267.5508284981531,4431.401810749561,737.4759424439346,738.320921148794,121176.57176075535,0.00609293455344236,120,False,4.547473508864641e-13
2024-01-09,2024-02-08,long_correlation,-0.9383526197483262,0.1245,0.17645502314458064,0.05195502314458064,0.1276,0.28408,0.0002999999999999947,-0.06504000000000001,0.06534000000000001,6,100000.0,-142.13380428721376,5861.713863968155,2032.0756825869312,799.6098592010268,2887.8945178929835,603.2588774732338,5116.321182207707,99726.44524429133,0.05130355513700196,120,False,0.0
2024-03-19,2024-04-18,short_correlation,0.7573559160798902,0.16920000000000002,0.22624429143744348,0.05704429143744347,0.1382,0.24126,0.041800000000000004,0.10508000000000003,-0.06328000000000003,6,100000.0,565.74601769822,-289.098771384173,6216.958899741388,-704.8822840578736,-5235.429369369468,589.7129840697959,-313.06573775574884,111079.4577682887,-0.0028183945442802096,120,False,1.1368683772161603e-13
2024-05-13,2024-06-12,short_correlation,0.7579582777680817,0.16829999999999998,0.18964951808170644,0.02134951808170646,0.136,0.22924,-0.015600000000000017,-0.00028000000000000247,-0.015320000000000014,6,100000.0,3630.8922475164454,-8493.75916332655,262.16123204137034,162.75489836529457,-5287.7830462167685,564.9176167971942,-5427.784532607298,109875.636830215,-0.04939934537985492,120,False,0.0
2024-06-12,2024-07-15,long_correlation,-0.9530841500987339,0.1091,0.047384023657404024,-0.06171597634259598,0.1204,0.22896,0.01079999999999999,0.09817999999999999,-0.08738,6,100000.0,-3572.9741133016573,-677.6934997933431,-6534.701717283033,-88.03976148821339,2372.073865676246,524.1905253261536,-4774.858138421154,98979.08112009091,-0.04824108371573826,120,False,0.0
2024-07-24,2024-08-22,short_correlation,1.177546214601917,0.1524,0.2983917105175061,0.14599171051750612,0.1804,0.32698,-0.004899999999999988,-0.06888,0.06398000000000001,6,100000.0,397.0225334782889,-3690.375084368733,-5501.38356698406,880.2072342926074,1327.8237818010084,716.8997428098073,-4010.2522937002514,119681.5938783811,-0.033507677862106504,120,False,0.0
2024-08-23,2024-09-24,long_correlation,-1.0461138895122977,0.0949,0.18486204295214323,0.08996204295214323,0.1586,0.24224,-0.004699999999999982,0.037880000000000025,-0.04258000000000001,6,100000.0,-4057.383206087598,329.0756151816824,-1049.7232244344461,-211.4277537871748,-2467.1566126842945,595.32723686883,-4323.634827774746,102806.7737279529,-0.04205593338835766,120,False,4.547473508864641e-13
2024-09-24,2024-10-23,long_correlation,-1.0698328353849538,0.1247,0.16712770809908262,0.04242770809908261,0.1539,0.28012,0.03849999999999998,0.06484000000000001,-0.02634000000000003,6,100000.0,-6808.742220458826,11221.520529855214,-1515.1894702429533,-125.7031276302354,6053.670907269577,591.3534767814892,3821.424832614899,102354.45206959388,0.03733520873148338,120,False,0.0
2024-10-23,2024-11-21,long_correlation,-1.324375189941533,0.1394,0.11393674627990331,-0.025463253720096682,0.1924,0.34496,-0.02369999999999997,-0.07941999999999999,0.05572000000000002,6,100000.0,-5305.394381657945,496.76625293388565,7330.886418798217,-1542.7217118372864,-10596.79283568499,698.5895896981683,-5507.217718422227,106245.4106587316,-0.051834876295144945,120,False,0.0
2024-11-21,2024-12-23,short_correlation,1.1181013231153598,0.1641,0.21709920968149238,0.05299920968149238,0.16870000000000002,0.26554000000000005,-0.0009000000000000119,-0.0015400000000000968,0.0006400000000000849,6,100000.0,4546.088073631885,-3813.015087691385,68.41667886466041,-963.7688539884997,1628.4251610643394,606.0024521391255,127.07053380137461,113519.93804791871,0.0011193675400680359,120,False,0.0
2024-12-23,2025-01-27,short_correlation,0.8002311482771013,0.1553,0.22995863809422953,0.07465863809422954,0.1678,0.264,0.011199999999999988,0.09087999999999996,-0.07967999999999997,6,100000.0,4311.315674333275,-3523.708832949707,6447.4652273587435,130.5016349305314,-5790.360020905708,623.0220849303405,164.58475645322733,113365.15523286874,0.0014518107977283317,120,False,4.547473508864641e-13
2025-01-27,2025-02-26,long_correlation,-0.9191276960700905,0.0882,0.06927723635242933,-0.018922763647570673,0.179,0.35488,0.01200000000000001,-0.06187999999999999,0.07388,6,100000.0,-7847.029188891092,2456.2813319345178,6114.573386360532,125.69661022873883,-11631.017853545845,734.779041331196,-6125.526898287771,104911.96402147878,-0.05838730554156514,120,False,0.0
2025-02-26,2025-03-27,short_correlation,1.040188933409595,0.168,0.25353551315832323,0.08553551315832322,0.191,0.293,-0.0040999999999999925,0.04655999999999999,-0.05065999999999998,6,100000.0,-2887.2739134183716,5601.573535443581,2698.698019103119,-709.1250855350349,724.7266884571256,648.5631053696651,2065.736516655544,116277.33674253889,0.017765598821974184,120,False,4.547473508864641e-13
2025-03-27,2025-04-28,short_correlation,1.1992558884100846,0.22649999999999998,0.6068976065530061,0.3803976065530061,0.1869,0.33956,0.06459999999999999,0.02708000000000005,0.03751999999999994,6,100000.0,-15472.515776652395,14977.278445786422,831.2672005356378,-1684.6160914305626,358.1115600289513,703.1106048942901,-1198.3479357602637,120942.18768360381,-0.009908436077700655,120,False,1.1368683772161603e-13
2025-04-28,2025-05-28,long_correlation,-1.7800721508463875,0.30870000000000003,0.3375732544671229,0.028873254467122855,0.2515,0.36664,-0.05840000000000001,-0.05630000000000002,-0.0020999999999999908,6,100000.0,-5573.206420218115,3455.921504722583,590.1361984810599,-1260.0558499546037,-1447.3652640219887,774.9170442743379,-2892.2019597698704,112175.52608750948,-0.025782825012236884,120,False,0.0
2025-05-28,2025-06-27,long_correlation,-2.799694254836544,0.2039,0.20199302396537025,-0.0019069760346297482,0.1931,0.31034,-0.029899999999999982,0.011119999999999963,-0.041019999999999945,6,100000.0,-7167.101159132084,10640.476543373657,436.3492176738897,-362.1316039018,3399.1577704694837,678.491458194983,2794.8839260465907,106293.0692093156,0.026294131375045902,120,False,0.0
2025-06-27,2025-07-29,long_correlation,-2.783117852668997,0.15130000000000002,0.0958143731375632,-0.05548562686243681,0.1632,0.32146,-0.003400000000000014,-0.029200000000000004,0.02579999999999999,6,100000.0,-6705.056540690223,9986.573905839594,-895.4731262774542,270.4951712863202,3906.4953201405046,630.8162753917337,2650.701089757637,103307.11284364427,0.025658456777990533,120,False,0.0
2025-08-21,2025-09-22,short_correlation,0.812306451774829,0.1558,0.13411279074454868,-0.021687209255451312,0.166,0.28374,-0.0050000000000000044,0.037380000000000024,-0.04238000000000003,6,100000.0,4962.441996411332,304.9947289960053,203.47476231469346,69.97242103510102,4993.989542057543,606.9007742926955,4660.535951114643,115341.61971041429,0.04040636816801905,120,False,0.0
2025-09-23,2025-10-22,short_correlation,0.8714438073541894,0.1408,0.13467350966195607,-0.006126490338043938,0.1664,0.33128,0.019600000000000034,0.055300000000000016,-0.03569999999999998,6,100000.0,7215.879326600712,-11617.27839736766,3373.437325005323,-8.307925693576784,-7766.528470078694,691.7740461405303,-5093.173116907477,120105.68860775031,-0.04240576092562213,120,False,0.0
2025-11-04,2025-12-04,short_correlation,0.9909808247781583,0.16269999999999998,0.19625275002876408,0.033552750028764095,0.19,0.30714,-0.032200000000000006,-0.03290000000000004,0.0007000000000000339,6,100000.0,9211.507697348885,-2285.5802884920104,90.08940600732399,488.7127606702627,6347.125242179288,695.9993070259184,6229.928101830956,117693.79842921036,0.052933359148724296,120,False,0.0
2025-12-17,2026-01-20,short_correlation,0.9283220730530328,0.1946,0.10271653960244895,-0.09188346039755105,0.17620000000000002,0.2878,0.024699999999999972,0.09026,-0.06556000000000003,6,100000.0,6426.213092944133,195.2546775586265,5637.59336807721,712.9617725322624,270.912629893287,611.290844308504,6010.1769261942545,115751.7536651309,0.05192298808346056,120,False,0.0
2026-02-05,2026-03-09,short_correlation,0.8990610615505561,0.17370000000000002,0.08602246443051016,-0.08767753556948986,0.2177,0.3821,0.0373,-0.011719999999999953,0.04901999999999995,6,100000.0,12797.013385516617,-495.73261761910965,-1382.5703433415465,-1263.4854355174707,14947.336546756525,790.1071308529705,11511.173637044538,125223.71449352943,0.0919248696910308,120,False,0.0
2026-03-09,2026-04-08,short_correlation,1.923233353747727,0.2783,0.2664448860999138,-0.0118551139000862,0.255,0.37038,-0.0446,0.02238000000000001,-0.06698000000000001,6,100000.0,9547.966577536143,-9775.155642429076,1298.8328163285391,-120.59425459270355,-1405.4276266287686,791.9582576760592,-1019.1473225689922,124059.91974986058,-0.008214960356446125,120,False,0.0
